rsid	gene	category	name	significance	description	risk_allele	normal_allele	chrom	pos	build	source	external_ids	publications	clinvar_stars	odds_ratio
rs6025	F5	health_risk	Factor V Leiden	pathogenic	Factor V Leiden mutation causes activated protein C resistance, significantly increasing risk of venous thromboembolism (DVT and pulmonary embolism). Heterozygous carriers have 5-10x increased risk; homozygous have 50-100x.	A	G	1	169519049	GRCh37	clinvar	"{""clinvar"":""VCV000001168""}"	7989264|8275930	3	7.0
rs1799963	F2	health_risk	Prothrombin G20210A	pathogenic	Prothrombin gene mutation leads to elevated prothrombin levels and 2-5x increased risk of venous thromboembolism.	A	G	11	46761055	GRCh37	clinvar	{}	8740443	3	3.0
rs429358	APOE	health_risk	APOE e4 determinant (C112R)	risk_factor	One of two SNPs that define APOE isoforms. The e4 allele (C at rs429358) is the strongest common genetic risk factor for late-onset Alzheimer's disease. One e4 copy increases risk ~3x; two copies increase risk ~12x.	C	T	19	45411941	GRCh37	clinvar	{}	7842013|9343467	3	3.2
rs7412	APOE	health_risk	APOE e2 determinant (R158C)	risk_factor	Second SNP defining APOE isoforms. The e2 allele (T at rs7412) is associated with reduced Alzheimer's risk but increased risk of type III hyperlipoproteinemia.	C	T	19	45412079	GRCh37	clinvar	{}	7842013	2	0.6
rs1801133	MTHFR	health_risk	MTHFR C677T	risk_factor	Common variant reducing MTHFR enzyme activity. TT genotype has ~30% residual enzyme activity and mildly elevated homocysteine. Clinical significance is often overstated; adequate folate intake usually compensates.	A	G	1	11856378	GRCh37	clinvar	{}	7647779|36261339	2	1.2
rs1800562	HFE	health_risk	Hereditary hemochromatosis (C282Y)	pathogenic	Primary mutation causing hereditary hemochromatosis (iron overload). Homozygous C282Y individuals have high penetrance for iron overload, especially males.	A	G	6	26093141	GRCh37	clinvar	"{""clinvar"":""VCV000009345""}"	8696333	4	5.0
rs7903146	TCF7L2	health_risk	Type 2 diabetes risk variant	risk_factor	The strongest common genetic risk factor for type 2 diabetes. T allele carriers have impaired insulin secretion and ~1.4x increased diabetes risk per allele.	T	C	10	114758349	GRCh37	gwas_catalog	{}	16415884|28507013	1	1.4
rs9939609	FTO	health_risk	FTO obesity risk variant	association	The most studied obesity-associated variant. Each A allele associated with ~1.2 kg higher body weight and 1.3x increased obesity risk.	A	T	16	53820527	GRCh37	gwas_catalog	{}	17434869	0	1.3
rs1799853	CYP2C9	pharmacogenomics	CYP2C9*2 (warfarin metabolism)	drug_response	CYP2C9*2 allele reduces warfarin metabolism to ~12% of wild-type activity. Carriers require lower warfarin doses to avoid bleeding complications.	T	C	10	96702047	GRCh37	pharmgkb	{}	9399854|19794411	3	
rs1057910	CYP2C9	pharmacogenomics	CYP2C9*3 (warfarin metabolism)	drug_response	CYP2C9*3 allele reduces warfarin metabolism to ~5% of wild-type activity. Stronger effect than *2; carriers need significantly lower warfarin doses.	C	A	10	96741053	GRCh37	pharmgkb	{}	9399854	3	
rs4244285	CYP2C19	pharmacogenomics	CYP2C19*2 (clopidogrel metabolism)	drug_response	Most common CYP2C19 loss-of-function allele. Carriers have reduced activation of clopidogrel, leading to decreased antiplatelet effect and higher cardiovascular risk.	A	G	10	96541616	GRCh37	pharmgkb	{}	20802479	3	
rs4149056	SLCO1B1	pharmacogenomics	SLCO1B1*5 (statin myopathy risk)	drug_response	SLCO1B1 variant reducing hepatic statin uptake. C allele carriers have 4-17x increased risk of simvastatin-induced myopathy.	C	T	12	21331549	GRCh37	pharmgkb	{}	18650507	3	4.5
rs4988235	MCM6/LCT	trait	Lactose tolerance/intolerance	association	Primary variant determining lactase persistence in European populations. A allele = lactase persistent (can digest lactose into adulthood). GG genotype = lactase non-persistent (lactose intolerant).	G	A	2	136608646	GRCh37	gwas_catalog	{}	11788828	0	
rs671	ALDH2	trait	Alcohol flush reaction	association	ALDH2 deficiency causing alcohol flush reaction. Common in East Asian populations. A allele carriers accumulate acetaldehyde, causing facial flushing and nausea. Also associated with increased esophageal cancer risk with chronic alcohol use.	A	G	12	112241766	GRCh37	clinvar	{}	16385451	2	
rs1815739	ACTN3	trait	ACTN3 R577X (muscle fiber type)	association	Determines alpha-actinin-3 expression in fast-twitch muscle fibers. CC = functional protein (sprint/power advantage). TT = no alpha-actinin-3 (may favor endurance). Very common variant with modest athletic effects.	T	C	11	66560624	GRCh37	gwas_catalog	{}	12879365	0	
rs4680	COMT	trait	COMT Val158Met (stress response)	association	COMT enzyme activity variant. GG (Val/Val) = 'warrior' phenotype with higher stress tolerance but lower cognitive performance under no stress. AA (Met/Met) = 'worrier' phenotype with better cognitive performance but higher stress sensitivity.	A	G	22	19951271	GRCh37	gwas_catalog	{}	14592368	0	
